[["Map",1,2,9,10],"meta::meta",["Map",3,4,5,6,7,8],"astro-version","5.17.2","content-config-digest","805c2a62dcacd4a0","astro-config-digest","{\"root\":{},\"srcDir\":{},\"publicDir\":{},\"outDir\":{},\"cacheDir\":{},\"compressHTML\":true,\"base\":\"/\",\"trailingSlash\":\"ignore\",\"output\":\"static\",\"scopedStyleStrategy\":\"attribute\",\"build\":{\"format\":\"directory\",\"client\":{},\"server\":{},\"assets\":\"_astro\",\"serverEntry\":\"entry.mjs\",\"redirects\":true,\"inlineStylesheets\":\"auto\",\"concurrency\":1},\"server\":{\"open\":false,\"host\":false,\"port\":4321,\"streaming\":true,\"allowedHosts\":[]},\"redirects\":{},\"image\":{\"endpoint\":{\"route\":\"/_image\"},\"service\":{\"entrypoint\":\"astro/assets/services/sharp\",\"config\":{}},\"domains\":[],\"remotePatterns\":[],\"responsiveStyles\":false},\"devToolbar\":{\"enabled\":true},\"markdown\":{\"syntaxHighlight\":{\"type\":\"shiki\",\"excludeLangs\":[\"math\"]},\"shikiConfig\":{\"langs\":[],\"langAlias\":{},\"theme\":\"github-dark\",\"themes\":{},\"wrap\":false,\"transformers\":[]},\"remarkPlugins\":[],\"rehypePlugins\":[],\"remarkRehype\":{},\"gfm\":true,\"smartypants\":true},\"security\":{\"checkOrigin\":true,\"allowedDomains\":[]},\"env\":{\"schema\":{},\"validateSecrets\":false},\"experimental\":{\"clientPrerender\":false,\"contentIntellisense\":false,\"headingIdCompat\":false,\"preserveScriptOrder\":false,\"liveContentCollections\":false,\"csp\":false,\"staticImportMetaEnv\":false,\"chromeDevtoolsWorkspace\":false,\"failOnPrerenderConflict\":false,\"svgo\":false},\"legacy\":{\"collections\":false}}","papers",["Map",11,12,39,40,64,65,89,90],"2012-alexnet",{"id":11,"data":13,"body":20,"filePath":21,"assetImports":22,"digest":24,"rendered":25,"legacyId":38},{"title":14,"authors":15,"date":16,"abstract":17,"pdf_link":18,"cover":19},"ImageNet Classification with Deep Convolutional Neural Networks","Alex Krizhevsky, Ilya Sutskever, Geoffrey E. Hinton",["Date","2012-12-03T00:00:00.000Z"],"We trained a large, deep convolutional neural network to classify the 1.2 million high-resolution images in the ImageNet LSVRC-2010 contest into the 1000 different classes. On the test data, we achieved top-1 and top-5 error rates of 37.5% and 17.0% which is considerably better than the previous state-of-the-art.","/papers/2012-alexnet.pdf","__ASTRO_IMAGE_../../assets/gallery/2012-alexnet.png","### Core Insight\n\nAlexNet demonstrated that GPUs and deep ReLU networks could shatter the ImageNet records, officially igniting the modern AI era.","src/content/papers/2012-alexnet.md",[23],"../../assets/gallery/2012-alexnet.png","ecafc3af4d86557b",{"html":26,"metadata":27},"\u003Ch3 id=\"core-insight\">Core Insight\u003C/h3>\n\u003Cp>AlexNet demonstrated that GPUs and deep ReLU networks could shatter the ImageNet records, officially igniting the modern AI era.\u003C/p>",{"headings":28,"localImagePaths":33,"remoteImagePaths":34,"frontmatter":35,"imagePaths":37},[29],{"depth":30,"slug":31,"text":32},3,"core-insight","Core Insight",[],[],{"title":14,"authors":15,"date":36,"abstract":17,"pdf_link":18,"cover":23},"2012-12-03",[],"2012-alexnet.md","2015-resnet",{"id":39,"data":41,"body":48,"filePath":49,"assetImports":50,"digest":52,"rendered":53,"legacyId":63},{"title":42,"authors":43,"date":44,"abstract":45,"pdf_link":46,"cover":47},"Deep Residual Learning for Image Recognition","Kaiming He, Xiangyu Zhang, Shaoqing Ren, Jian Sun",["Date","2015-12-10T00:00:00.000Z"],"We present a residual learning framework to ease the training of networks that are substantially deeper than those used previously. We explicitly reformulate the layers as learning residual functions with reference to the layer inputs, instead of learning unreferenced functions.","/papers/2015-resnet.pdf","__ASTRO_IMAGE_../../assets/gallery/2015-resnet.png","### Core Insight\n\nThe invention of skip connections allowed neural networks to scale past the vanishing gradient barrier into hundreds of layers.","src/content/papers/2015-resnet.md",[51],"../../assets/gallery/2015-resnet.png","7ce1f579ec641fa7",{"html":54,"metadata":55},"\u003Ch3 id=\"core-insight\">Core Insight\u003C/h3>\n\u003Cp>The invention of skip connections allowed neural networks to scale past the vanishing gradient barrier into hundreds of layers.\u003C/p>",{"headings":56,"localImagePaths":58,"remoteImagePaths":59,"frontmatter":60,"imagePaths":62},[57],{"depth":30,"slug":31,"text":32},[],[],{"title":42,"authors":43,"date":61,"abstract":45,"pdf_link":46,"cover":51},"2015-12-10",[],"2015-resnet.md","2017-transformer",{"id":64,"data":66,"body":73,"filePath":74,"assetImports":75,"digest":77,"rendered":78,"legacyId":88},{"title":67,"authors":68,"date":69,"abstract":70,"pdf_link":71,"cover":72},"Attention Is All You Need","Ashish Vaswani, Noam Shazeer, Niki Parmar, Jakob Uszkoreit, Llion Jones, Aidan N. Gomez, Łukasz Kaiser, Illia Polosukhin",["Date","2017-06-12T00:00:00.000Z"],"The dominant sequence transduction models are based on complex recurrent or convolutional neural networks. We propose a new simple network architecture, the Transformer, based solely on attention mechanisms, dispensing with recurrence and convolutions entirely.","/papers/2017-transformer.pdf","__ASTRO_IMAGE_../../assets/gallery/2017-transformer.png","### Core Insight\n\nThe Transformer completely abandoned past linear constraints. It introduced the \"Self-Attention Mechanism,\" allowing machines to observe the whole simultaneously. It is the soul of contemporary Large Language Models.","src/content/papers/2017-transformer.md",[76],"../../assets/gallery/2017-transformer.png","8ef8664ba9a4f13c",{"html":79,"metadata":80},"\u003Ch3 id=\"core-insight\">Core Insight\u003C/h3>\n\u003Cp>The Transformer completely abandoned past linear constraints. It introduced the “Self-Attention Mechanism,” allowing machines to observe the whole simultaneously. It is the soul of contemporary Large Language Models.\u003C/p>",{"headings":81,"localImagePaths":83,"remoteImagePaths":84,"frontmatter":85,"imagePaths":87},[82],{"depth":30,"slug":31,"text":32},[],[],{"title":67,"authors":68,"date":86,"abstract":70,"pdf_link":71,"cover":76},"2017-06-12",[],"2017-transformer.md","1986-backpropagation",{"id":89,"data":91,"body":98,"filePath":99,"assetImports":100,"digest":102,"rendered":103,"legacyId":113},{"title":92,"authors":93,"date":94,"abstract":95,"pdf_link":96,"cover":97},"Learning Representations by Back-propagating Errors","David E. Rumelhart, Geoffrey E. Hinton, Ronald J. Williams",["Date","1986-10-09T00:00:00.000Z"],"We describe a new learning procedure, back-propagation, for networks of neurone-like units. The procedure repeatedly adjusts the weights of the connections in the network so as to minimize a measure of the difference between the actual output vector of the net and the desired output vector.","/papers/1986-backpropagation.pdf","__ASTRO_IMAGE_../../assets/gallery/1986-backpropagation.png","### Core Insight\n\nThrough the backpropagation algorithm, multi-layer neural networks could finally handle complex, non-linear realities. From this point on, deep learning transformed from a mere concept into an evolving force.","src/content/papers/1986-backpropagation.md",[101],"../../assets/gallery/1986-backpropagation.png","c43b18837d534144",{"html":104,"metadata":105},"\u003Ch3 id=\"core-insight\">Core Insight\u003C/h3>\n\u003Cp>Through the backpropagation algorithm, multi-layer neural networks could finally handle complex, non-linear realities. From this point on, deep learning transformed from a mere concept into an evolving force.\u003C/p>",{"headings":106,"localImagePaths":108,"remoteImagePaths":109,"frontmatter":110,"imagePaths":112},[107],{"depth":30,"slug":31,"text":32},[],[],{"title":92,"authors":93,"date":111,"abstract":95,"pdf_link":96,"cover":101},"1986-10-09",[],"1986-backpropagation.md"]