{
  "$ref": "#/definitions/exhibits",
  "definitions": {
    "exhibits": {
      "type": "object",
      "properties": {
        "title": {
          "type": "string"
        },
        "description": {
          "type": "string"
        },
        "date": {
          "anyOf": [
            {
              "type": "string"
            },
            {
              "anyOf": [
                {
                  "type": "string",
                  "format": "date-time"
                },
                {
                  "type": "string",
                  "format": "date"
                },
                {
                  "type": "integer",
                  "format": "unix-time"
                }
              ]
            }
          ]
        },
        "tags": {
          "type": "array",
          "items": {
            "type": "string"
          }
        },
        "cover": {
          "type": "string"
        },
        "author": {
          "type": "string",
          "default": "Anonymous Artist"
        },
        "image": {
          "type": "string"
        },
        "text_theme": {
          "type": "string",
          "enum": [
            "light",
            "dark"
          ],
          "default": "dark"
        },
        "layout_style": {
          "type": "string",
          "enum": [
            "overlay",
            "split"
          ],
          "default": "overlay"
        },
        "$schema": {
          "type": "string"
        }
      },
      "required": [
        "title",
        "description",
        "date"
      ],
      "additionalProperties": false
    }
  },
  "$schema": "http://json-schema.org/draft-07/schema#"
}