{
  "$ref": "#/definitions/papers",
  "definitions": {
    "papers": {
      "type": "object",
      "properties": {
        "title": {
          "type": "string"
        },
        "authors": {
          "type": "string"
        },
        "date": {
          "anyOf": [
            {
              "type": "string"
            },
            {
              "anyOf": [
                {
                  "type": "string",
                  "format": "date-time"
                },
                {
                  "type": "string",
                  "format": "date"
                },
                {
                  "type": "integer",
                  "format": "unix-time"
                }
              ]
            }
          ]
        },
        "abstract": {
          "type": "string"
        },
        "pdf_link": {
          "type": "string"
        },
        "cover": {
          "type": "string"
        },
        "$schema": {
          "type": "string"
        }
      },
      "required": [
        "title",
        "authors",
        "date",
        "abstract",
        "pdf_link"
      ],
      "additionalProperties": false
    }
  },
  "$schema": "http://json-schema.org/draft-07/schema#"
}